PRAGMA foreign_keys=OFF;
BEGIN TRANSACTION;
CREATE TABLE IF NOT EXISTS "django_migrations" ("id" integer NOT NULL PRIMARY KEY AUTOINCREMENT, "app" varchar(255) NOT NULL, "name" varchar(255) NOT NULL, "applied" datetime NOT NULL);
INSERT INTO django_migrations VALUES(1,'Account','0001_initial','2020-06-12 10:25:12.371945');
INSERT INTO django_migrations VALUES(2,'Statistics','0001_initial','2020-06-12 10:25:12.433236');
INSERT INTO django_migrations VALUES(3,'Tran','0001_initial','2020-06-12 10:25:12.485981');
INSERT INTO django_migrations VALUES(4,'contenttypes','0001_initial','2020-06-12 10:25:12.507976');
INSERT INTO django_migrations VALUES(5,'auth','0001_initial','2020-06-12 10:25:12.556604');
INSERT INTO django_migrations VALUES(6,'admin','0001_initial','2020-06-12 10:25:12.602506');
INSERT INTO django_migrations VALUES(7,'admin','0002_logentry_remove_auto_add','2020-06-12 10:25:12.642186');
INSERT INTO django_migrations VALUES(8,'admin','0003_logentry_add_action_flag_choices','2020-06-12 10:25:12.677740');
INSERT INTO django_migrations VALUES(9,'contenttypes','0002_remove_content_type_name','2020-06-12 10:25:12.745871');
INSERT INTO django_migrations VALUES(10,'auth','0002_alter_permission_name_max_length','2020-06-12 10:25:12.781929');
INSERT INTO django_migrations VALUES(11,'auth','0003_alter_user_email_max_length','2020-06-12 10:25:12.820140');
INSERT INTO django_migrations VALUES(12,'auth','0004_alter_user_username_opts','2020-06-12 10:25:12.853572');
INSERT INTO django_migrations VALUES(13,'auth','0005_alter_user_last_login_null','2020-06-12 10:25:12.890475');
INSERT INTO django_migrations VALUES(14,'auth','0006_require_contenttypes_0002','2020-06-12 10:25:12.905152');
INSERT INTO django_migrations VALUES(15,'auth','0007_alter_validators_add_error_messages','2020-06-12 10:25:12.957167');
INSERT INTO django_migrations VALUES(16,'auth','0008_alter_user_username_max_length','2020-06-12 10:25:13.019831');
INSERT INTO django_migrations VALUES(17,'auth','0009_alter_user_last_name_max_length','2020-06-12 10:25:13.110033');
INSERT INTO django_migrations VALUES(18,'sessions','0001_initial','2020-06-12 10:25:13.132834');
INSERT INTO django_migrations VALUES(19,'xadmin','0001_initial','2020-06-12 10:25:13.196791');
INSERT INTO django_migrations VALUES(20,'xadmin','0002_log','2020-06-12 10:25:13.260620');
INSERT INTO django_migrations VALUES(21,'xadmin','0003_auto_20160715_0100','2020-06-12 10:25:13.310008');
INSERT INTO django_migrations VALUES(22,'Tran','0002_auto_20200615_1140','2020-06-15 11:40:19.527292');
INSERT INTO django_migrations VALUES(23,'Tran','0003_auto_20200615_1148','2020-06-15 11:48:09.523372');
INSERT INTO django_migrations VALUES(24,'Tran','0004_auto_20200615_1638','2020-06-15 16:38:53.108277');
CREATE TABLE IF NOT EXISTS "Account_businessscope" ("id" integer NOT NULL PRIMARY KEY AUTOINCREMENT, "name" varchar(40) NOT NULL);
INSERT INTO Account_businessscope VALUES(1,'经营分类1');
INSERT INTO Account_businessscope VALUES(2,'经营分类2');
INSERT INTO Account_businessscope VALUES(3,'经营分类3');
INSERT INTO Account_businessscope VALUES(4,'经营分类4');
INSERT INTO Account_businessscope VALUES(5,'经营分类5');
INSERT INTO Account_businessscope VALUES(6,'经营分类6');
INSERT INTO Account_businessscope VALUES(7,'经营分类7');
INSERT INTO Account_businessscope VALUES(8,'经营分类8');
CREATE TABLE IF NOT EXISTS "Account_company" ("id" integer NOT NULL PRIMARY KEY AUTOINCREMENT, "name" varchar(40) NOT NULL, "corporation" varchar(2) NOT NULL, "is_activate" bool NOT NULL);
INSERT INTO Account_company VALUES(1,'公司1','1',1);
INSERT INTO Account_company VALUES(2,'公司2','1',1);
INSERT INTO Account_company VALUES(3,'公司3','1',1);
INSERT INTO Account_company VALUES(4,'公司4','1',1);
INSERT INTO Account_company VALUES(5,'公司5','1',1);
INSERT INTO Account_company VALUES(6,'公司6','1',1);
INSERT INTO Account_company VALUES(7,'公司7','1',1);
CREATE TABLE IF NOT EXISTS "Account_buyer" ("businesscompany_ptr_id" integer NOT NULL PRIMARY KEY REFERENCES "Account_businesscompany" ("id") DEFERRABLE INITIALLY DEFERRED, "company_id" integer NOT NULL REFERENCES "Account_company" ("id") DEFERRABLE INITIALLY DEFERRED);
INSERT INTO Account_buyer VALUES(1,1);
INSERT INTO Account_buyer VALUES(2,1);
INSERT INTO Account_buyer VALUES(3,1);
INSERT INTO Account_buyer VALUES(4,1);
INSERT INTO Account_buyer VALUES(5,1);
INSERT INTO Account_buyer VALUES(6,1);
INSERT INTO Account_buyer VALUES(7,1);
INSERT INTO Account_buyer VALUES(8,1);
INSERT INTO Account_buyer VALUES(9,1);
INSERT INTO Account_buyer VALUES(10,1);
INSERT INTO Account_buyer VALUES(11,1);
INSERT INTO Account_buyer VALUES(12,1);
INSERT INTO Account_buyer VALUES(13,2);
INSERT INTO Account_buyer VALUES(14,1);
INSERT INTO Account_buyer VALUES(15,4);
CREATE TABLE IF NOT EXISTS "Account_seller" ("businesscompany_ptr_id" integer NOT NULL PRIMARY KEY REFERENCES "Account_businesscompany" ("id") DEFERRABLE INITIALLY DEFERRED);
INSERT INTO Account_seller VALUES(16);
INSERT INTO Account_seller VALUES(17);
INSERT INTO Account_seller VALUES(18);
INSERT INTO Account_seller VALUES(19);
INSERT INTO Account_seller VALUES(20);
INSERT INTO Account_seller VALUES(21);
INSERT INTO Account_seller VALUES(22);
INSERT INTO Account_seller VALUES(23);
INSERT INTO Account_seller VALUES(24);
INSERT INTO Account_seller VALUES(25);
CREATE TABLE IF NOT EXISTS "Account_businesscompany" ("id" integer NOT NULL PRIMARY KEY AUTOINCREMENT, "name" varchar(40) NOT NULL, "is_activate" bool NOT NULL, "total_max_limit" integer unsigned NOT NULL, "scope_id" integer NOT NULL REFERENCES "Account_businessscope" ("id") DEFERRABLE INITIALLY DEFERRED);
INSERT INTO Account_businesscompany VALUES(1,'买方公司1',1,9000,1);
INSERT INTO Account_businesscompany VALUES(2,'买方公司2',1,9000,1);
INSERT INTO Account_businesscompany VALUES(3,'买方公司3',1,8900,1);
INSERT INTO Account_businesscompany VALUES(4,'买方公司4',1,12000,1);
INSERT INTO Account_businesscompany VALUES(5,'买方公司5',1,0,1);
INSERT INTO Account_businesscompany VALUES(6,'买方公司6',1,0,1);
INSERT INTO Account_businesscompany VALUES(7,'买方公司7',1,5000,1);
INSERT INTO Account_businesscompany VALUES(8,'买方公司8',1,0,1);
INSERT INTO Account_businesscompany VALUES(9,'买方公司9',1,4000,1);
INSERT INTO Account_businesscompany VALUES(10,'买方公司10',1,6000,1);
INSERT INTO Account_businesscompany VALUES(11,'买方公司10',1,6000,1);
INSERT INTO Account_businesscompany VALUES(12,'买方公司11',1,9900,2);
INSERT INTO Account_businesscompany VALUES(13,'买方公司12',1,12300,4);
INSERT INTO Account_businesscompany VALUES(14,'买方公司13',1,23000,2);
INSERT INTO Account_businesscompany VALUES(15,'买方公司14',1,0,2);
INSERT INTO Account_businesscompany VALUES(16,'卖方公司1',1,12200,1);
INSERT INTO Account_businesscompany VALUES(17,'卖方公司2',1,34400,1);
INSERT INTO Account_businesscompany VALUES(18,'卖方公司3',1,77700,1);
INSERT INTO Account_businesscompany VALUES(19,'卖方公司4',1,9900,1);
INSERT INTO Account_businesscompany VALUES(20,'卖方公司5',1,8800,1);
INSERT INTO Account_businesscompany VALUES(21,'卖方公司6',1,0,2);
INSERT INTO Account_businesscompany VALUES(22,'卖方公司7',1,12300,2);
INSERT INTO Account_businesscompany VALUES(23,'卖方公司8',1,33300,5);
INSERT INTO Account_businesscompany VALUES(24,'卖方公司9',1,11100,6);
INSERT INTO Account_businesscompany VALUES(25,'卖方公司10',1,9500,7);
CREATE TABLE IF NOT EXISTS "Account_account" ("id" integer NOT NULL PRIMARY KEY AUTOINCREMENT, "account_name" varchar(40) NOT NULL, "account" varchar(40) NOT NULL, "bank_name" varchar(40) NOT NULL, "bank_code" varchar(40) NOT NULL, "businesscompany_id" integer NOT NULL REFERENCES "Account_businesscompany" ("id") DEFERRABLE INITIALLY DEFERRED);
INSERT INTO Account_account VALUES(1,'买方公司1','1111112212121','建设银行','123456',1);
INSERT INTO Account_account VALUES(2,'买方公司2','124214325','工商银行','1312412',2);
INSERT INTO Account_account VALUES(3,'买方公司3','1222222244','平安银行','3252323',3);
INSERT INTO Account_account VALUES(4,'买方公司4','1115121121','工商银行','123456',4);
INSERT INTO Account_account VALUES(5,'买方公司5','122287876244','平安银行','3252323',5);
INSERT INTO Account_account VALUES(6,'买方公司6','111655121121','工商银行','1312412',6);
INSERT INTO Account_account VALUES(7,'买方公司7','1123612212121','建设银行','123456',7);
INSERT INTO Account_account VALUES(8,'买方公司8','1113325121121','平安银行','1312412',8);
INSERT INTO Account_account VALUES(9,'买方公司1','1189615121121','平安银行','3252323',9);
INSERT INTO Account_account VALUES(10,'买方公司10','11231512112169','工商银行','123456',10);
INSERT INTO Account_account VALUES(11,'买方公司10','11231512112169','工商银行','123456',11);
INSERT INTO Account_account VALUES(12,'买方公司11','1264522244','工商银行','123456',12);
INSERT INTO Account_account VALUES(13,'买方公司12','1116955221121','建设银行','123456',13);
INSERT INTO Account_account VALUES(14,'买方公司13','1112972212121','工商银行','1312412',14);
INSERT INTO Account_account VALUES(15,'买方公司14','12227644244','工商银行','123456',15);
INSERT INTO Account_account VALUES(16,'卖方公司1','126887876244','建设银行','1312412',16);
INSERT INTO Account_account VALUES(17,'卖方公司2','127875463444','建设银行','1312412',17);
INSERT INTO Account_account VALUES(18,'卖方公司3','12298777244','工商银行','1312412',18);
INSERT INTO Account_account VALUES(19,'卖方公司4','11431655121121437','建设银行','123456',19);
INSERT INTO Account_account VALUES(20,'卖方公司5','122286857876244','建设银行','1312412',20);
INSERT INTO Account_account VALUES(21,'卖方公司6','1114756812121','建设银行','123456',21);
INSERT INTO Account_account VALUES(22,'卖方公司7','12567545244','工商银行','1312412',22);
INSERT INTO Account_account VALUES(23,'卖方公司8','15475685771','平安银行','1312412',23);
INSERT INTO Account_account VALUES(24,'卖方公司9','111345421121','工商银行','123456',24);
INSERT INTO Account_account VALUES(25,'卖方公司10','11675332421','工商银行','1312412',25);
CREATE TABLE IF NOT EXISTS "Statistics_daybuyer" ("id" integer NOT NULL PRIMARY KEY AUTOINCREMENT, "date" date NOT NULL, "amount_total" integer NOT NULL, "buyer_id" integer NOT NULL REFERENCES "Account_buyer" ("businesscompany_ptr_id") DEFERRABLE INITIALLY DEFERRED);
CREATE TABLE IF NOT EXISTS "Statistics_dayseller" ("id" integer NOT NULL PRIMARY KEY AUTOINCREMENT, "date" date NOT NULL, "amount_total" integer NOT NULL, "seller_id" integer NOT NULL REFERENCES "Account_seller" ("businesscompany_ptr_id") DEFERRABLE INITIALLY DEFERRED);
CREATE TABLE IF NOT EXISTS "Statistics_mouthbuyer" ("id" integer NOT NULL PRIMARY KEY AUTOINCREMENT, "mouth" varchar(6) NULL, "amount_total" integer NOT NULL, "buyer_id" integer NOT NULL REFERENCES "Account_buyer" ("businesscompany_ptr_id") DEFERRABLE INITIALLY DEFERRED);
CREATE TABLE IF NOT EXISTS "Statistics_mouthseller" ("id" integer NOT NULL PRIMARY KEY AUTOINCREMENT, "mouth" varchar(6) NULL, "amount_total" integer NOT NULL, "seller_id" integer NOT NULL REFERENCES "Account_seller" ("businesscompany_ptr_id") DEFERRABLE INITIALLY DEFERRED);
CREATE TABLE IF NOT EXISTS "auth_group" ("id" integer NOT NULL PRIMARY KEY AUTOINCREMENT, "name" varchar(80) NOT NULL UNIQUE);
CREATE TABLE IF NOT EXISTS "auth_group_permissions" ("id" integer NOT NULL PRIMARY KEY AUTOINCREMENT, "group_id" integer NOT NULL REFERENCES "auth_group" ("id") DEFERRABLE INITIALLY DEFERRED, "permission_id" integer NOT NULL REFERENCES "auth_permission" ("id") DEFERRABLE INITIALLY DEFERRED);
CREATE TABLE IF NOT EXISTS "auth_user_groups" ("id" integer NOT NULL PRIMARY KEY AUTOINCREMENT, "user_id" integer NOT NULL REFERENCES "auth_user" ("id") DEFERRABLE INITIALLY DEFERRED, "group_id" integer NOT NULL REFERENCES "auth_group" ("id") DEFERRABLE INITIALLY DEFERRED);
CREATE TABLE IF NOT EXISTS "auth_user_user_permissions" ("id" integer NOT NULL PRIMARY KEY AUTOINCREMENT, "user_id" integer NOT NULL REFERENCES "auth_user" ("id") DEFERRABLE INITIALLY DEFERRED, "permission_id" integer NOT NULL REFERENCES "auth_permission" ("id") DEFERRABLE INITIALLY DEFERRED);
CREATE TABLE IF NOT EXISTS "django_admin_log" ("id" integer NOT NULL PRIMARY KEY AUTOINCREMENT, "action_time" datetime NOT NULL, "object_id" text NULL, "object_repr" varchar(200) NOT NULL, "change_message" text NOT NULL, "content_type_id" integer NULL REFERENCES "django_content_type" ("id") DEFERRABLE INITIALLY DEFERRED, "user_id" integer NOT NULL REFERENCES "auth_user" ("id") DEFERRABLE INITIALLY DEFERRED, "action_flag" smallint unsigned NOT NULL);
CREATE TABLE IF NOT EXISTS "django_content_type" ("id" integer NOT NULL PRIMARY KEY AUTOINCREMENT, "app_label" varchar(100) NOT NULL, "model" varchar(100) NOT NULL);
INSERT INTO django_content_type VALUES(1,'admin','logentry');
INSERT INTO django_content_type VALUES(2,'auth','permission');
INSERT INTO django_content_type VALUES(3,'auth','group');
INSERT INTO django_content_type VALUES(4,'auth','user');
INSERT INTO django_content_type VALUES(5,'contenttypes','contenttype');
INSERT INTO django_content_type VALUES(6,'sessions','session');
INSERT INTO django_content_type VALUES(7,'xadmin','bookmark');
INSERT INTO django_content_type VALUES(8,'xadmin','usersettings');
INSERT INTO django_content_type VALUES(9,'xadmin','userwidget');
INSERT INTO django_content_type VALUES(10,'xadmin','log');
INSERT INTO django_content_type VALUES(11,'Account','account');
INSERT INTO django_content_type VALUES(12,'Account','businesscompany');
INSERT INTO django_content_type VALUES(13,'Account','businessscope');
INSERT INTO django_content_type VALUES(14,'Account','company');
INSERT INTO django_content_type VALUES(15,'Account','buyer');
INSERT INTO django_content_type VALUES(16,'Account','seller');
INSERT INTO django_content_type VALUES(17,'Statistics','daybuyer');
INSERT INTO django_content_type VALUES(18,'Statistics','dayseller');
INSERT INTO django_content_type VALUES(19,'Statistics','mouthbuyer');
INSERT INTO django_content_type VALUES(20,'Statistics','mouthseller');
INSERT INTO django_content_type VALUES(21,'Tran','task');
INSERT INTO django_content_type VALUES(22,'Tran','taskbatch');
INSERT INTO django_content_type VALUES(23,'Tran','transaction');
CREATE TABLE IF NOT EXISTS "auth_permission" ("id" integer NOT NULL PRIMARY KEY AUTOINCREMENT, "content_type_id" integer NOT NULL REFERENCES "django_content_type" ("id") DEFERRABLE INITIALLY DEFERRED, "codename" varchar(100) NOT NULL, "name" varchar(255) NOT NULL);
INSERT INTO auth_permission VALUES(1,1,'add_logentry','Can add log entry');
INSERT INTO auth_permission VALUES(2,1,'change_logentry','Can change log entry');
INSERT INTO auth_permission VALUES(3,1,'delete_logentry','Can delete log entry');
INSERT INTO auth_permission VALUES(4,1,'view_logentry','Can view log entry');
INSERT INTO auth_permission VALUES(5,2,'add_permission','Can add permission');
INSERT INTO auth_permission VALUES(6,2,'change_permission','Can change permission');
INSERT INTO auth_permission VALUES(7,2,'delete_permission','Can delete permission');
INSERT INTO auth_permission VALUES(8,2,'view_permission','Can view permission');
INSERT INTO auth_permission VALUES(9,3,'add_group','Can add group');
INSERT INTO auth_permission VALUES(10,3,'change_group','Can change group');
INSERT INTO auth_permission VALUES(11,3,'delete_group','Can delete group');
INSERT INTO auth_permission VALUES(12,3,'view_group','Can view group');
INSERT INTO auth_permission VALUES(13,4,'add_user','Can add user');
INSERT INTO auth_permission VALUES(14,4,'change_user','Can change user');
INSERT INTO auth_permission VALUES(15,4,'delete_user','Can delete user');
INSERT INTO auth_permission VALUES(16,4,'view_user','Can view user');
INSERT INTO auth_permission VALUES(17,5,'add_contenttype','Can add content type');
INSERT INTO auth_permission VALUES(18,5,'change_contenttype','Can change content type');
INSERT INTO auth_permission VALUES(19,5,'delete_contenttype','Can delete content type');
INSERT INTO auth_permission VALUES(20,5,'view_contenttype','Can view content type');
INSERT INTO auth_permission VALUES(21,6,'add_session','Can add session');
INSERT INTO auth_permission VALUES(22,6,'change_session','Can change session');
INSERT INTO auth_permission VALUES(23,6,'delete_session','Can delete session');
INSERT INTO auth_permission VALUES(24,6,'view_session','Can view session');
INSERT INTO auth_permission VALUES(25,7,'add_bookmark','Can add Bookmark');
INSERT INTO auth_permission VALUES(26,7,'change_bookmark','Can change Bookmark');
INSERT INTO auth_permission VALUES(27,7,'delete_bookmark','Can delete Bookmark');
INSERT INTO auth_permission VALUES(28,7,'view_bookmark','Can view Bookmark');
INSERT INTO auth_permission VALUES(29,8,'add_usersettings','Can add User Setting');
INSERT INTO auth_permission VALUES(30,8,'change_usersettings','Can change User Setting');
INSERT INTO auth_permission VALUES(31,8,'delete_usersettings','Can delete User Setting');
INSERT INTO auth_permission VALUES(32,8,'view_usersettings','Can view User Setting');
INSERT INTO auth_permission VALUES(33,9,'add_userwidget','Can add User Widget');
INSERT INTO auth_permission VALUES(34,9,'change_userwidget','Can change User Widget');
INSERT INTO auth_permission VALUES(35,9,'delete_userwidget','Can delete User Widget');
INSERT INTO auth_permission VALUES(36,9,'view_userwidget','Can view User Widget');
INSERT INTO auth_permission VALUES(37,10,'add_log','Can add log entry');
INSERT INTO auth_permission VALUES(38,10,'change_log','Can change log entry');
INSERT INTO auth_permission VALUES(39,10,'delete_log','Can delete log entry');
INSERT INTO auth_permission VALUES(40,10,'view_log','Can view log entry');
INSERT INTO auth_permission VALUES(41,11,'add_account','Can add 账号');
INSERT INTO auth_permission VALUES(42,11,'change_account','Can change 账号');
INSERT INTO auth_permission VALUES(43,11,'delete_account','Can delete 账号');
INSERT INTO auth_permission VALUES(44,11,'view_account','Can view 账号');
INSERT INTO auth_permission VALUES(45,12,'add_businesscompany','Can add 交易公司');
INSERT INTO auth_permission VALUES(46,12,'change_businesscompany','Can change 交易公司');
INSERT INTO auth_permission VALUES(47,12,'delete_businesscompany','Can delete 交易公司');
INSERT INTO auth_permission VALUES(48,12,'view_businesscompany','Can view 交易公司');
INSERT INTO auth_permission VALUES(49,13,'add_businessscope','Can add 经营分类');
INSERT INTO auth_permission VALUES(50,13,'change_businessscope','Can change 经营分类');
INSERT INTO auth_permission VALUES(51,13,'delete_businessscope','Can delete 经营分类');
INSERT INTO auth_permission VALUES(52,13,'view_businessscope','Can view 经营分类');
INSERT INTO auth_permission VALUES(53,14,'add_company','Can add 集团子公司');
INSERT INTO auth_permission VALUES(54,14,'change_company','Can change 集团子公司');
INSERT INTO auth_permission VALUES(55,14,'delete_company','Can delete 集团子公司');
INSERT INTO auth_permission VALUES(56,14,'view_company','Can view 集团子公司');
INSERT INTO auth_permission VALUES(57,15,'add_buyer','Can add 买方');
INSERT INTO auth_permission VALUES(58,15,'change_buyer','Can change 买方');
INSERT INTO auth_permission VALUES(59,15,'delete_buyer','Can delete 买方');
INSERT INTO auth_permission VALUES(60,15,'view_buyer','Can view 买方');
INSERT INTO auth_permission VALUES(61,16,'add_seller','Can add 卖方');
INSERT INTO auth_permission VALUES(62,16,'change_seller','Can change 卖方');
INSERT INTO auth_permission VALUES(63,16,'delete_seller','Can delete 卖方');
INSERT INTO auth_permission VALUES(64,16,'view_seller','Can view 卖方');
INSERT INTO auth_permission VALUES(65,17,'add_daybuyer','Can add 日买方交易额总量');
INSERT INTO auth_permission VALUES(66,17,'change_daybuyer','Can change 日买方交易额总量');
INSERT INTO auth_permission VALUES(67,17,'delete_daybuyer','Can delete 日买方交易额总量');
INSERT INTO auth_permission VALUES(68,17,'view_daybuyer','Can view 日买方交易额总量');
INSERT INTO auth_permission VALUES(69,18,'add_dayseller','Can add 日卖方交易额总量');
INSERT INTO auth_permission VALUES(70,18,'change_dayseller','Can change 日卖方交易额总量');
INSERT INTO auth_permission VALUES(71,18,'delete_dayseller','Can delete 日卖方交易额总量');
INSERT INTO auth_permission VALUES(72,18,'view_dayseller','Can view 日卖方交易额总量');
INSERT INTO auth_permission VALUES(73,19,'add_mouthbuyer','Can add 月买方交易额总量');
INSERT INTO auth_permission VALUES(74,19,'change_mouthbuyer','Can change 月买方交易额总量');
INSERT INTO auth_permission VALUES(75,19,'delete_mouthbuyer','Can delete 月买方交易额总量');
INSERT INTO auth_permission VALUES(76,19,'view_mouthbuyer','Can view 月买方交易额总量');
INSERT INTO auth_permission VALUES(77,20,'add_mouthseller','Can add 月卖方交易额总量');
INSERT INTO auth_permission VALUES(78,20,'change_mouthseller','Can change 月卖方交易额总量');
INSERT INTO auth_permission VALUES(79,20,'delete_mouthseller','Can delete 月卖方交易额总量');
INSERT INTO auth_permission VALUES(80,20,'view_mouthseller','Can view 月卖方交易额总量');
INSERT INTO auth_permission VALUES(81,21,'add_task','Can add 每日任务');
INSERT INTO auth_permission VALUES(82,21,'change_task','Can change 每日任务');
INSERT INTO auth_permission VALUES(83,21,'delete_task','Can delete 每日任务');
INSERT INTO auth_permission VALUES(84,21,'view_task','Can view 每日任务');
INSERT INTO auth_permission VALUES(85,22,'add_taskbatch','Can add 任务批次');
INSERT INTO auth_permission VALUES(86,22,'change_taskbatch','Can change 任务批次');
INSERT INTO auth_permission VALUES(87,22,'delete_taskbatch','Can delete 任务批次');
INSERT INTO auth_permission VALUES(88,22,'view_taskbatch','Can view 任务批次');
INSERT INTO auth_permission VALUES(89,23,'add_transaction','Can add 交易明细');
INSERT INTO auth_permission VALUES(90,23,'change_transaction','Can change 交易明细');
INSERT INTO auth_permission VALUES(91,23,'delete_transaction','Can delete 交易明细');
INSERT INTO auth_permission VALUES(92,23,'view_transaction','Can view 交易明细');
CREATE TABLE IF NOT EXISTS "auth_user" ("id" integer NOT NULL PRIMARY KEY AUTOINCREMENT, "password" varchar(128) NOT NULL, "last_login" datetime NULL, "is_superuser" bool NOT NULL, "username" varchar(150) NOT NULL UNIQUE, "first_name" varchar(30) NOT NULL, "email" varchar(254) NOT NULL, "is_staff" bool NOT NULL, "is_active" bool NOT NULL, "date_joined" datetime NOT NULL, "last_name" varchar(150) NOT NULL);
INSERT INTO auth_user VALUES(1,'pbkdf2_sha256$120000$LqbeP4SMmkhQ$PTEoNcGH6w/QLCS2UCK69FxnQymcslw6PQ+CNGsSZKc=','2020-06-12 10:25:47.530431',1,'test','','1323800521@qq.com',1,1,'2020-06-12 10:25:33.569099','');
CREATE TABLE IF NOT EXISTS "django_session" ("session_key" varchar(40) NOT NULL PRIMARY KEY, "session_data" text NOT NULL, "expire_date" datetime NOT NULL);
INSERT INTO django_session VALUES('012ongdiaz02waego4f526oo1z7g84yg','YzU1ODllNzk2ZDgwNmZmZjU2N2M1Zjc0YTVhMmFkYjJiNjFiMTY0ODp7Il9hdXRoX3VzZXJfaWQiOiIxIiwiX2F1dGhfdXNlcl9iYWNrZW5kIjoiZGphbmdvLmNvbnRyaWIuYXV0aC5iYWNrZW5kcy5Nb2RlbEJhY2tlbmQiLCJfYXV0aF91c2VyX2hhc2giOiIyOWE3ZjljYTE1OWM1MzQ1N2E0NmQ5OGZkNDA1MTA4NDY3MmI1ZWUwIiwiTElTVF9RVUVSWSI6W1siVHJhbiIsInRhc2siXSwiIl19','2020-06-29 17:29:22.686754');
CREATE TABLE IF NOT EXISTS "xadmin_bookmark" ("id" integer NOT NULL PRIMARY KEY AUTOINCREMENT, "title" varchar(128) NOT NULL, "url_name" varchar(64) NOT NULL, "query" varchar(1000) NOT NULL, "is_share" bool NOT NULL, "content_type_id" integer NOT NULL REFERENCES "django_content_type" ("id") DEFERRABLE INITIALLY DEFERRED, "user_id" integer NULL REFERENCES "auth_user" ("id") DEFERRABLE INITIALLY DEFERRED);
CREATE TABLE IF NOT EXISTS "xadmin_usersettings" ("id" integer NOT NULL PRIMARY KEY AUTOINCREMENT, "key" varchar(256) NOT NULL, "value" text NOT NULL, "user_id" integer NOT NULL REFERENCES "auth_user" ("id") DEFERRABLE INITIALLY DEFERRED);
INSERT INTO xadmin_usersettings VALUES(1,'Account_buyer_editform_portal',',account_set-group,',1);
INSERT INTO xadmin_usersettings VALUES(2,'dashboard:home:pos','',1);
CREATE TABLE IF NOT EXISTS "xadmin_userwidget" ("id" integer NOT NULL PRIMARY KEY AUTOINCREMENT, "page_id" varchar(256) NOT NULL, "widget_type" varchar(50) NOT NULL, "value" text NOT NULL, "user_id" integer NOT NULL REFERENCES "auth_user" ("id") DEFERRABLE INITIALLY DEFERRED);
CREATE TABLE IF NOT EXISTS "xadmin_log" ("id" integer NOT NULL PRIMARY KEY AUTOINCREMENT, "action_time" datetime NOT NULL, "ip_addr" char(39) NULL, "object_id" text NULL, "object_repr" varchar(200) NOT NULL, "message" text NOT NULL, "content_type_id" integer NULL REFERENCES "django_content_type" ("id") DEFERRABLE INITIALLY DEFERRED, "user_id" integer NOT NULL REFERENCES "auth_user" ("id") DEFERRABLE INITIALLY DEFERRED, "action_flag" varchar(32) NOT NULL);
INSERT INTO xadmin_log VALUES(1,'2020-06-12 10:26:47.699015','127.0.0.1','1','公司1','已添加。',14,1,'create');
INSERT INTO xadmin_log VALUES(2,'2020-06-12 10:26:52.409921','127.0.0.1','2','公司2','已添加。',14,1,'create');
INSERT INTO xadmin_log VALUES(3,'2020-06-12 10:26:56.975785','127.0.0.1','3','公司3','已添加。',14,1,'create');
INSERT INTO xadmin_log VALUES(4,'2020-06-12 10:27:08.709674','127.0.0.1','4','公司4','已添加。',14,1,'create');
INSERT INTO xadmin_log VALUES(5,'2020-06-12 10:27:30.735591','127.0.0.1','5','公司5','已添加。',14,1,'create');
INSERT INTO xadmin_log VALUES(6,'2020-06-12 10:27:38.736760','127.0.0.1','6','公司6','已添加。',14,1,'create');
INSERT INTO xadmin_log VALUES(7,'2020-06-12 10:27:58.777002','127.0.0.1','7','公司7','已添加。',14,1,'create');
INSERT INTO xadmin_log VALUES(8,'2020-06-12 10:29:38.856005','127.0.0.1','1','经营分类1','已添加。',13,1,'create');
INSERT INTO xadmin_log VALUES(9,'2020-06-12 10:29:50.664845','127.0.0.1','2','经营分类2','已添加。',13,1,'create');
INSERT INTO xadmin_log VALUES(10,'2020-06-12 10:29:54.513806','127.0.0.1','3','经营分类3','已添加。',13,1,'create');
INSERT INTO xadmin_log VALUES(11,'2020-06-12 10:29:58.908943','127.0.0.1','4','经营分类4','已添加。',13,1,'create');
INSERT INTO xadmin_log VALUES(12,'2020-06-12 10:30:02.413493','127.0.0.1','5','经营分类5','已添加。',13,1,'create');
INSERT INTO xadmin_log VALUES(13,'2020-06-12 10:30:06.904885','127.0.0.1','6','经营分类6','已添加。',13,1,'create');
INSERT INTO xadmin_log VALUES(14,'2020-06-12 10:30:11.361560','127.0.0.1','7','经营分类7','已添加。',13,1,'create');
INSERT INTO xadmin_log VALUES(15,'2020-06-12 10:30:11.442457','127.0.0.1','8','经营分类7','已添加。',13,1,'create');
INSERT INTO xadmin_log VALUES(16,'2020-06-12 10:30:33.204812','127.0.0.1','8','经营分类8','修改 name',13,1,'change');
INSERT INTO xadmin_log VALUES(17,'2020-06-12 10:30:33.272747','127.0.0.1','8','经营分类8','没有字段被修改。',13,1,'change');
INSERT INTO xadmin_log VALUES(18,'2020-06-12 10:52:31.033539','127.0.0.1','1','买方公司1','已添加。',15,1,'create');
INSERT INTO xadmin_log VALUES(19,'2020-06-12 10:54:21.671968','127.0.0.1','1','买方公司1','没有字段被修改。',15,1,'change');
INSERT INTO xadmin_log VALUES(20,'2020-06-12 10:54:21.756113','127.0.0.1','1','买方公司1','没有字段被修改。',15,1,'change');
INSERT INTO xadmin_log VALUES(21,'2020-06-12 10:55:00.588438','127.0.0.1','2','买方公司2','已添加。',15,1,'create');
INSERT INTO xadmin_log VALUES(22,'2020-06-12 10:56:01.290200','127.0.0.1','3','买方公司3','已添加。',15,1,'create');
INSERT INTO xadmin_log VALUES(23,'2020-06-12 10:56:41.122800','127.0.0.1','4','买方公司4','已添加。',15,1,'create');
INSERT INTO xadmin_log VALUES(24,'2020-06-12 10:57:44.361870','127.0.0.1','5','买方公司5','已添加。',15,1,'create');
INSERT INTO xadmin_log VALUES(25,'2020-06-12 10:58:01.242549','127.0.0.1','5','买方公司5','没有字段被修改。',15,1,'change');
INSERT INTO xadmin_log VALUES(26,'2020-06-12 10:58:31.265508','127.0.0.1','6','买方公司6','已添加。',15,1,'create');
INSERT INTO xadmin_log VALUES(27,'2020-06-12 10:59:24.078383','127.0.0.1','7','买方公司7','已添加。',15,1,'create');
INSERT INTO xadmin_log VALUES(28,'2020-06-12 10:59:51.343248','127.0.0.1','8','买方公司8','已添加。',15,1,'create');
INSERT INTO xadmin_log VALUES(29,'2020-06-12 11:00:31.419736','127.0.0.1','9','买方公司9','已添加。',15,1,'create');
INSERT INTO xadmin_log VALUES(30,'2020-06-12 11:00:58.240745','127.0.0.1','10','买方公司10','已添加。',15,1,'create');
INSERT INTO xadmin_log VALUES(31,'2020-06-12 11:00:58.315544','127.0.0.1','11','买方公司10','已添加。',15,1,'create');
INSERT INTO xadmin_log VALUES(32,'2020-06-12 11:01:41.484019','127.0.0.1','12','买方公司11','已添加。',15,1,'create');
INSERT INTO xadmin_log VALUES(33,'2020-06-12 11:02:00.639989','127.0.0.1','12','买方公司11','没有字段被修改。',15,1,'change');
INSERT INTO xadmin_log VALUES(34,'2020-06-12 11:02:41.519736','127.0.0.1','13','买方公司12','已添加。',15,1,'create');
INSERT INTO xadmin_log VALUES(35,'2020-06-12 11:03:41.559811','127.0.0.1','14','买方公司13','已添加。',15,1,'create');
INSERT INTO xadmin_log VALUES(36,'2020-06-12 11:04:21.610318','127.0.0.1','15','买方公司14','已添加。',15,1,'create');
INSERT INTO xadmin_log VALUES(37,'2020-06-12 11:05:11.724186','127.0.0.1','16','卖方公司1','已添加。',16,1,'create');
INSERT INTO xadmin_log VALUES(38,'2020-06-12 11:05:51.744090','127.0.0.1','17','卖方公司2','已添加。',16,1,'create');
INSERT INTO xadmin_log VALUES(39,'2020-06-12 11:06:31.801972','127.0.0.1','18','卖方公司3','已添加。',16,1,'create');
INSERT INTO xadmin_log VALUES(40,'2020-06-12 11:07:21.826985','127.0.0.1','19','卖方公司4','已添加。',16,1,'create');
INSERT INTO xadmin_log VALUES(41,'2020-06-12 11:07:41.859111','127.0.0.1','20','卖方公司5','已添加。',16,1,'create');
INSERT INTO xadmin_log VALUES(42,'2020-06-12 11:08:11.871672','127.0.0.1','21','卖方公司6','已添加。',16,1,'create');
INSERT INTO xadmin_log VALUES(43,'2020-06-12 11:08:41.895432','127.0.0.1','22','卖方公司7','已添加。',16,1,'create');
INSERT INTO xadmin_log VALUES(44,'2020-06-12 11:09:11.925783','127.0.0.1','23','卖方公司8','已添加。',16,1,'create');
INSERT INTO xadmin_log VALUES(45,'2020-06-12 11:09:41.930561','127.0.0.1','24','卖方公司9','已添加。',16,1,'create');
INSERT INTO xadmin_log VALUES(46,'2020-06-12 11:10:18.756958','127.0.0.1','25','卖方公司10','已添加。',16,1,'create');
INSERT INTO xadmin_log VALUES(47,'2020-06-15 11:03:44.216814','127.0.0.1','1','2020-06-15任务','已添加。',21,1,'create');
INSERT INTO xadmin_log VALUES(48,'2020-06-15 11:04:28.964163','127.0.0.1','1','2020-06-15任务','修改 batch_total',21,1,'change');
INSERT INTO xadmin_log VALUES(49,'2020-06-15 11:04:59.282053','127.0.0.1','1','2020-06-15任务','修改 batch_total',21,1,'change');
INSERT INTO xadmin_log VALUES(50,'2020-06-15 11:05:59.255899','127.0.0.1','1','2020-06-15任务','修改 batch_total',21,1,'change');
INSERT INTO xadmin_log VALUES(51,'2020-06-15 11:06:31.866760','127.0.0.1','2','2020-06-14任务','已添加。',21,1,'create');
INSERT INTO xadmin_log VALUES(52,'2020-06-15 11:07:47.988663','127.0.0.1',NULL,'','批量删除 1 个 每日任务',NULL,1,'delete');
INSERT INTO xadmin_log VALUES(53,'2020-06-15 11:08:09.478944','127.0.0.1','3','2020-06-14任务','已添加。',21,1,'create');
INSERT INTO xadmin_log VALUES(54,'2020-06-15 11:08:59.740226','127.0.0.1','3','2020-06-14任务','修改 batch_total',21,1,'change');
INSERT INTO xadmin_log VALUES(55,'2020-06-15 11:15:06.000829','127.0.0.1','3','2020-06-14任务','修改 batch_total',21,1,'change');
INSERT INTO xadmin_log VALUES(56,'2020-06-15 11:15:06.220241','127.0.0.1','3','2020-06-14任务','没有字段被修改。',21,1,'change');
INSERT INTO xadmin_log VALUES(57,'2020-06-15 11:18:29.966205','127.0.0.1','3','2020-06-14任务','没有字段被修改。',21,1,'change');
INSERT INTO xadmin_log VALUES(58,'2020-06-15 11:18:44.951068','127.0.0.1','3','2020-06-14任务','修改 batch_total',21,1,'change');
INSERT INTO xadmin_log VALUES(59,'2020-06-15 11:18:53.816405','127.0.0.1',NULL,'','批量删除 1 个 每日任务',NULL,1,'delete');
INSERT INTO xadmin_log VALUES(60,'2020-06-15 11:19:11.305497','127.0.0.1','4','2020-06-14任务','已添加。',21,1,'create');
INSERT INTO xadmin_log VALUES(61,'2020-06-15 11:19:53.176741','127.0.0.1','4','2020-06-14任务','修改 batch_total',21,1,'change');
INSERT INTO xadmin_log VALUES(62,'2020-06-15 11:20:19.984646','127.0.0.1','4','2020-06-14任务','修改 batch_total',21,1,'change');
INSERT INTO xadmin_log VALUES(63,'2020-06-15 11:20:46.602556','127.0.0.1','4','2020-06-14任务','修改 batch_total',21,1,'change');
INSERT INTO xadmin_log VALUES(64,'2020-06-15 11:24:43.050289','127.0.0.1','4','2020-06-14任务','修改 batch_total',21,1,'change');
INSERT INTO xadmin_log VALUES(65,'2020-06-15 11:27:25.318138','127.0.0.1','5','2020-06-13任务','已添加。',21,1,'create');
INSERT INTO xadmin_log VALUES(66,'2020-06-15 11:41:04.536911','127.0.0.1',NULL,'','批量删除 25 个 任务批次',NULL,1,'delete');
INSERT INTO xadmin_log VALUES(67,'2020-06-15 11:41:43.804904','127.0.0.1',NULL,'','批量删除 25 个 任务批次',NULL,1,'delete');
INSERT INTO xadmin_log VALUES(68,'2020-06-15 11:46:38.254425','127.0.0.1',NULL,'','批量删除 25 个 任务批次',NULL,1,'delete');
INSERT INTO xadmin_log VALUES(69,'2020-06-15 11:46:51.520091','127.0.0.1',NULL,'','批量删除 2 个 每日任务',NULL,1,'delete');
INSERT INTO xadmin_log VALUES(70,'2020-06-15 11:47:05.144092','127.0.0.1','6','2020-06-13任务','已添加。',21,1,'create');
INSERT INTO xadmin_log VALUES(71,'2020-06-15 11:48:36.592900','127.0.0.1',NULL,'','批量删除 10 个 任务批次',NULL,1,'delete');
INSERT INTO xadmin_log VALUES(72,'2020-06-15 11:49:46.425817','127.0.0.1',NULL,'','批量删除 10 个 任务批次',NULL,1,'delete');
INSERT INTO xadmin_log VALUES(73,'2020-06-15 11:49:57.963882','127.0.0.1',NULL,'','批量删除 1 个 每日任务',NULL,1,'delete');
INSERT INTO xadmin_log VALUES(74,'2020-06-15 11:50:12.568019','127.0.0.1','7','2020-06-13任务','已添加。',21,1,'create');
INSERT INTO xadmin_log VALUES(75,'2020-06-15 11:51:16.495752','127.0.0.1','8','2020-06-14任务','已添加。',21,1,'create');
INSERT INTO xadmin_log VALUES(76,'2020-06-15 12:50:18.329841','127.0.0.1',NULL,'','批量删除 5 个 任务批次',NULL,1,'delete');
INSERT INTO xadmin_log VALUES(77,'2020-06-15 12:51:00.254374','127.0.0.1','63','2020-06-14任务-6','已添加。',22,1,'create');
INSERT INTO xadmin_log VALUES(78,'2020-06-15 12:51:36.735352','127.0.0.1','64','2020-06-14任务-7','已添加。',22,1,'create');
INSERT INTO xadmin_log VALUES(79,'2020-06-15 12:52:05.557456','127.0.0.1',NULL,'','批量删除 10 个 任务批次',NULL,1,'delete');
INSERT INTO xadmin_log VALUES(80,'2020-06-15 12:52:14.354043','127.0.0.1',NULL,'','批量删除 7 个 任务批次',NULL,1,'delete');
INSERT INTO xadmin_log VALUES(81,'2020-06-15 12:52:23.876808','127.0.0.1',NULL,'','批量删除 2 个 每日任务',NULL,1,'delete');
INSERT INTO xadmin_log VALUES(82,'2020-06-15 12:53:03.054040','127.0.0.1','9','2020-06-15任务','已添加。',21,1,'create');
INSERT INTO xadmin_log VALUES(83,'2020-06-15 12:55:06.465027','127.0.0.1',NULL,'','批量删除 13 个 任务批次',NULL,1,'delete');
INSERT INTO xadmin_log VALUES(84,'2020-06-15 12:55:20.715279','127.0.0.1',NULL,'','批量删除 2 个 每日任务',NULL,1,'delete');
INSERT INTO xadmin_log VALUES(85,'2020-06-15 12:55:32.134558','127.0.0.1','10','2020-06-15任务','已添加。',21,1,'create');
INSERT INTO xadmin_log VALUES(86,'2020-06-15 12:57:22.902649','127.0.0.1','11','2020-06-14任务','已添加。',21,1,'create');
INSERT INTO xadmin_log VALUES(87,'2020-06-15 12:58:20.633095','127.0.0.1','12','2020-06-13任务','已添加。',21,1,'create');
INSERT INTO xadmin_log VALUES(88,'2020-06-15 12:59:51.846563','127.0.0.1',NULL,'','批量删除 18 个 任务批次',NULL,1,'delete');
INSERT INTO xadmin_log VALUES(89,'2020-06-15 13:00:00.150445','127.0.0.1',NULL,'','批量删除 1 个 每日任务',NULL,1,'delete');
INSERT INTO xadmin_log VALUES(90,'2020-06-15 13:00:11.636237','127.0.0.1',NULL,'','批量删除 2 个 每日任务',NULL,1,'delete');
INSERT INTO xadmin_log VALUES(91,'2020-06-15 13:00:23.337389','127.0.0.1','13','2020-06-15任务','已添加。',21,1,'create');
INSERT INTO xadmin_log VALUES(92,'2020-06-15 13:00:23.410233','127.0.0.1','14','2020-06-15任务','已添加。',21,1,'create');
INSERT INTO xadmin_log VALUES(93,'2020-06-15 13:00:44.436611','127.0.0.1',NULL,'','批量删除 10 个 任务批次',NULL,1,'delete');
INSERT INTO xadmin_log VALUES(94,'2020-06-15 13:00:56.173005','127.0.0.1',NULL,'','批量删除 2 个 每日任务',NULL,1,'delete');
INSERT INTO xadmin_log VALUES(95,'2020-06-15 13:01:14.123258','127.0.0.1','15','2020-06-15任务','已添加。',21,1,'create');
INSERT INTO xadmin_log VALUES(96,'2020-06-15 13:04:51.873976','127.0.0.1',NULL,'','批量删除 3 个 任务批次',NULL,1,'delete');
INSERT INTO xadmin_log VALUES(97,'2020-06-15 13:05:31.940512','127.0.0.1','16','2020-06-14任务','已添加。',21,1,'create');
INSERT INTO xadmin_log VALUES(98,'2020-06-15 13:07:12.029581','127.0.0.1','17','2020-06-13任务','已添加。',21,1,'create');
INSERT INTO xadmin_log VALUES(99,'2020-06-15 13:08:41.869416','127.0.0.1',NULL,'','批量删除 12 个 任务批次',NULL,1,'delete');
INSERT INTO xadmin_log VALUES(100,'2020-06-15 13:09:13.369473','127.0.0.1',NULL,'','批量删除 3 个 每日任务',NULL,1,'delete');
INSERT INTO xadmin_log VALUES(101,'2020-06-15 13:09:32.084496','127.0.0.1','18','2020-06-15任务','已添加。',21,1,'create');
INSERT INTO xadmin_log VALUES(102,'2020-06-15 13:10:27.028691','127.0.0.1','19','2020-06-14任务','已添加。',21,1,'create');
INSERT INTO xadmin_log VALUES(103,'2020-06-15 13:11:50.113791','127.0.0.1','20','2020-06-13任务','已添加。',21,1,'create');
INSERT INTO xadmin_log VALUES(104,'2020-06-15 13:13:05.106184','127.0.0.1','21','2020-06-12任务','已添加。',21,1,'create');
INSERT INTO xadmin_log VALUES(105,'2020-06-15 13:19:53.276319','127.0.0.1','22','2020-06-11任务','已添加。',21,1,'create');
INSERT INTO xadmin_log VALUES(106,'2020-06-15 13:23:16.230468','127.0.0.1','23','2020-06-10任务','已添加。',21,1,'create');
INSERT INTO xadmin_log VALUES(107,'2020-06-15 13:24:07.124090','127.0.0.1',NULL,'','批量删除 50 个 任务批次',NULL,1,'delete');
INSERT INTO xadmin_log VALUES(108,'2020-06-15 13:24:14.474202','127.0.0.1',NULL,'','批量删除 37 个 任务批次',NULL,1,'delete');
INSERT INTO xadmin_log VALUES(109,'2020-06-15 13:24:21.375681','127.0.0.1',NULL,'','批量删除 6 个 每日任务',NULL,1,'delete');
INSERT INTO xadmin_log VALUES(110,'2020-06-15 15:16:20.596452','127.0.0.1','24','2020-06-15任务','已添加。',21,1,'create');
INSERT INTO xadmin_log VALUES(111,'2020-06-15 15:16:20.660282','127.0.0.1','25','2020-06-15任务','已添加。',21,1,'create');
INSERT INTO xadmin_log VALUES(112,'2020-06-15 15:17:14.479840','127.0.0.1','25','2020-06-14任务','修改 date 和 name',21,1,'change');
INSERT INTO xadmin_log VALUES(113,'2020-06-15 15:17:14.560473','127.0.0.1','25','2020-06-14任务','修改 date',21,1,'change');
INSERT INTO xadmin_log VALUES(114,'2020-06-15 15:17:28.386026','127.0.0.1','206','2020-06-14任务-3','没有字段被修改。',22,1,'change');
INSERT INTO xadmin_log VALUES(115,'2020-06-15 15:18:13.540152','127.0.0.1','207','2020-06-14任务-4','已添加。',22,1,'create');
INSERT INTO xadmin_log VALUES(116,'2020-06-15 15:18:58.761575','127.0.0.1','208','2020-06-14任务-5','已添加。',22,1,'create');
INSERT INTO xadmin_log VALUES(117,'2020-06-15 15:21:13.562484','127.0.0.1','209','2020-06-14任务-6','已添加。',22,1,'create');
INSERT INTO xadmin_log VALUES(118,'2020-06-15 15:22:12.371620','127.0.0.1','210','2020-06-14任务-7','已添加。',22,1,'create');
INSERT INTO xadmin_log VALUES(119,'2020-06-15 15:23:41.220480','127.0.0.1','211','2020-06-14任务-8','已添加。',22,1,'create');
INSERT INTO xadmin_log VALUES(120,'2020-06-15 15:25:30.529779','127.0.0.1','26','2020-06-11任务','已添加。',21,1,'create');
INSERT INTO xadmin_log VALUES(121,'2020-06-15 15:25:30.603898','127.0.0.1','27','2020-06-11任务','已添加。',21,1,'create');
INSERT INTO xadmin_log VALUES(122,'2020-06-15 15:26:12.127729','127.0.0.1',NULL,'','批量删除 21 个 任务批次',NULL,1,'delete');
INSERT INTO xadmin_log VALUES(123,'2020-06-15 15:26:20.217727','127.0.0.1',NULL,'','批量删除 4 个 每日任务',NULL,1,'delete');
INSERT INTO xadmin_log VALUES(124,'2020-06-15 15:27:11.397812','127.0.0.1','28','2020-06-15任务','已添加。',21,1,'create');
INSERT INTO xadmin_log VALUES(125,'2020-06-15 15:29:59.472199','127.0.0.1','29','2020-06-14','已添加。',21,1,'create');
INSERT INTO xadmin_log VALUES(126,'2020-06-15 15:31:53.812180','127.0.0.1','30','2020-06-13','已添加。',21,1,'create');
INSERT INTO xadmin_log VALUES(127,'2020-06-15 15:35:59.546755','127.0.0.1','31','2020-06-12','已添加。',21,1,'create');
INSERT INTO xadmin_log VALUES(128,'2020-06-15 15:37:59.646039','127.0.0.1','32','2020-06-11任务','已添加。',21,1,'create');
INSERT INTO xadmin_log VALUES(129,'2020-06-15 15:44:50.019347','127.0.0.1','33','2020-06-10任务','已添加。',21,1,'create');
INSERT INTO xadmin_log VALUES(130,'2020-06-15 15:47:13.268311','127.0.0.1',NULL,'','批量删除 50 个 任务批次',NULL,1,'delete');
INSERT INTO xadmin_log VALUES(131,'2020-06-15 15:47:20.284874','127.0.0.1',NULL,'','批量删除 4 个 任务批次',NULL,1,'delete');
INSERT INTO xadmin_log VALUES(132,'2020-06-15 15:47:50.323729','127.0.0.1',NULL,'','批量删除 6 个 每日任务',NULL,1,'delete');
INSERT INTO xadmin_log VALUES(133,'2020-06-15 16:28:44.647281','127.0.0.1','34','2020-06-15任务','已添加。',21,1,'create');
CREATE TABLE IF NOT EXISTS "Tran_taskbatch" ("id" integer NOT NULL PRIMARY KEY AUTOINCREMENT, "amount_total" integer unsigned NOT NULL, "batch_total" smallint unsigned NOT NULL, "num" smallint unsigned NOT NULL, "remark" varchar(40) NULL, "task_id" integer NOT NULL REFERENCES "Tran_task" ("id") DEFERRABLE INITIALLY DEFERRED);
INSERT INTO Tran_taskbatch VALUES(276,2017,4,1,NULL,34);
INSERT INTO Tran_taskbatch VALUES(277,1558,7,2,NULL,34);
INSERT INTO Tran_taskbatch VALUES(278,1408,4,3,NULL,34);
CREATE TABLE IF NOT EXISTS "Tran_transaction" ("id" integer NOT NULL PRIMARY KEY AUTOINCREMENT, "amount" integer NOT NULL, "remark" varchar(40) NULL, "buyer_id" integer NOT NULL REFERENCES "Account_buyer" ("businesscompany_ptr_id") DEFERRABLE INITIALLY DEFERRED, "seller_id" integer NOT NULL REFERENCES "Account_seller" ("businesscompany_ptr_id") DEFERRABLE INITIALLY DEFERRED, "task_id" integer NOT NULL REFERENCES "Tran_task" ("id") DEFERRABLE INITIALLY DEFERRED, "task_batch_id" integer NOT NULL REFERENCES "Tran_taskbatch" ("id") DEFERRABLE INITIALLY DEFERRED);
INSERT INTO Tran_transaction VALUES(1,112,NULL,11,20,34,276);
INSERT INTO Tran_transaction VALUES(2,721,NULL,15,21,34,276);
INSERT INTO Tran_transaction VALUES(3,849,NULL,9,18,34,276);
INSERT INTO Tran_transaction VALUES(4,335,NULL,6,16,34,276);
INSERT INTO Tran_transaction VALUES(5,287,NULL,3,16,34,277);
INSERT INTO Tran_transaction VALUES(6,882,NULL,5,18,34,277);
INSERT INTO Tran_transaction VALUES(7,80,NULL,6,20,34,277);
INSERT INTO Tran_transaction VALUES(8,75,NULL,15,22,34,277);
INSERT INTO Tran_transaction VALUES(9,55,NULL,1,16,34,277);
INSERT INTO Tran_transaction VALUES(10,102,NULL,2,17,34,277);
INSERT INTO Tran_transaction VALUES(11,77,NULL,7,20,34,277);
INSERT INTO Tran_transaction VALUES(12,139,NULL,8,17,34,278);
INSERT INTO Tran_transaction VALUES(13,514,NULL,14,22,34,278);
INSERT INTO Tran_transaction VALUES(14,247,NULL,1,16,34,278);
INSERT INTO Tran_transaction VALUES(15,508,NULL,10,17,34,278);
CREATE TABLE IF NOT EXISTS "Tran_task" ("id" integer NOT NULL PRIMARY KEY AUTOINCREMENT, "date" date NOT NULL, "name" varchar(40) NULL, "amount_total_min" integer unsigned NOT NULL, "amount_total_max" integer unsigned NOT NULL, "batch_total" smallint unsigned NOT NULL, "batch_num_min" smallint unsigned NOT NULL, "batch_num_max" smallint unsigned NOT NULL, "remark" varchar(40) NULL, "download_link" varchar(100) NULL, "status" bool NOT NULL);
INSERT INTO Tran_task VALUES(34,'2020-06-15','2020-06-15任务',1000,3000,3,3,7,NULL,NULL,99);
DELETE FROM sqlite_sequence;
INSERT INTO sqlite_sequence VALUES('Account_businesscompany',25);
INSERT INTO sqlite_sequence VALUES('Account_account',25);
INSERT INTO sqlite_sequence VALUES('django_migrations',24);
INSERT INTO sqlite_sequence VALUES('django_admin_log',0);
INSERT INTO sqlite_sequence VALUES('django_content_type',23);
INSERT INTO sqlite_sequence VALUES('auth_permission',92);
INSERT INTO sqlite_sequence VALUES('auth_user',1);
INSERT INTO sqlite_sequence VALUES('xadmin_log',133);
INSERT INTO sqlite_sequence VALUES('Account_company',7);
INSERT INTO sqlite_sequence VALUES('Account_businessscope',8);
INSERT INTO sqlite_sequence VALUES('xadmin_usersettings',2);
INSERT INTO sqlite_sequence VALUES('Tran_taskbatch',278);
INSERT INTO sqlite_sequence VALUES('Tran_transaction',15);
INSERT INTO sqlite_sequence VALUES('Tran_task',34);
CREATE INDEX "Account_buyer_company_id_63f5c14a" ON "Account_buyer" ("company_id");
CREATE INDEX "Account_businesscompany_scope_id_77bc386c" ON "Account_businesscompany" ("scope_id");
CREATE INDEX "Account_account_businesscompany_id_743477aa" ON "Account_account" ("businesscompany_id");
CREATE INDEX "Statistics_daybuyer_buyer_id_3e6247e7" ON "Statistics_daybuyer" ("buyer_id");
CREATE INDEX "Statistics_dayseller_seller_id_2cbd69da" ON "Statistics_dayseller" ("seller_id");
CREATE INDEX "Statistics_mouthbuyer_buyer_id_60130227" ON "Statistics_mouthbuyer" ("buyer_id");
CREATE INDEX "Statistics_mouthseller_seller_id_282c4f9d" ON "Statistics_mouthseller" ("seller_id");
CREATE UNIQUE INDEX auth_group_permissions_group_id_permission_id_0cd325b0_uniq ON "auth_group_permissions" ("group_id", "permission_id");
CREATE INDEX "auth_group_permissions_group_id_b120cbf9" ON "auth_group_permissions" ("group_id");
CREATE INDEX "auth_group_permissions_permission_id_84c5c92e" ON "auth_group_permissions" ("permission_id");
CREATE UNIQUE INDEX auth_user_groups_user_id_group_id_94350c0c_uniq ON "auth_user_groups" ("user_id", "group_id");
CREATE INDEX "auth_user_groups_user_id_6a12ed8b" ON "auth_user_groups" ("user_id");
CREATE INDEX "auth_user_groups_group_id_97559544" ON "auth_user_groups" ("group_id");
CREATE UNIQUE INDEX auth_user_user_permissions_user_id_permission_id_14a6b632_uniq ON "auth_user_user_permissions" ("user_id", "permission_id");
CREATE INDEX "auth_user_user_permissions_user_id_a95ead1b" ON "auth_user_user_permissions" ("user_id");
CREATE INDEX "auth_user_user_permissions_permission_id_1fbb5f2c" ON "auth_user_user_permissions" ("permission_id");
CREATE INDEX "django_admin_log_content_type_id_c4bce8eb" ON "django_admin_log" ("content_type_id");
CREATE INDEX "django_admin_log_user_id_c564eba6" ON "django_admin_log" ("user_id");
CREATE UNIQUE INDEX django_content_type_app_label_model_76bd3d3b_uniq ON "django_content_type" ("app_label", "model");
CREATE UNIQUE INDEX auth_permission_content_type_id_codename_01ab375a_uniq ON "auth_permission" ("content_type_id", "codename");
CREATE INDEX "auth_permission_content_type_id_2f476e4b" ON "auth_permission" ("content_type_id");
CREATE INDEX "django_session_expire_date_a5c62663" ON "django_session" ("expire_date");
CREATE INDEX "xadmin_bookmark_content_type_id_60941679" ON "xadmin_bookmark" ("content_type_id");
CREATE INDEX "xadmin_bookmark_user_id_42d307fc" ON "xadmin_bookmark" ("user_id");
CREATE INDEX "xadmin_usersettings_user_id_edeabe4a" ON "xadmin_usersettings" ("user_id");
CREATE INDEX "xadmin_userwidget_user_id_c159233a" ON "xadmin_userwidget" ("user_id");
CREATE INDEX "xadmin_log_content_type_id_2a6cb852" ON "xadmin_log" ("content_type_id");
CREATE INDEX "xadmin_log_user_id_bb16a176" ON "xadmin_log" ("user_id");
CREATE INDEX "Tran_taskbatch_task_id_c7969c6b" ON "Tran_taskbatch" ("task_id");
CREATE INDEX "Tran_transaction_buyer_id_72e3cc27" ON "Tran_transaction" ("buyer_id");
CREATE INDEX "Tran_transaction_seller_id_3d3989af" ON "Tran_transaction" ("seller_id");
CREATE INDEX "Tran_transaction_task_id_9ae408c8" ON "Tran_transaction" ("task_id");
CREATE INDEX "Tran_transaction_task_batch_id_b1f4158b" ON "Tran_transaction" ("task_batch_id");
COMMIT;
